[
    {
        "id": "360a4bd354df2bb3",
        "type": "tab",
        "label": "MQTT_Chart",
        "disabled": false,
        "info": "",
        "env": []
    },
    {
        "id": "7aa293bdfaf42c9a",
        "type": "debug",
        "z": "360a4bd354df2bb3",
        "name": "debug 1",
        "active": true,
        "tosidebar": true,
        "console": false,
        "tostatus": false,
        "complete": "false",
        "statusVal": "",
        "statusType": "auto",
        "x": 660,
        "y": 100,
        "wires": []
    },
    {
        "id": "16da474f058c246e",
        "type": "inject",
        "z": "360a4bd354df2bb3",
        "name": "Gera temperatura de 40º",
        "props": [
            {
                "p": "payload"
            }
        ],
        "repeat": "3",
        "crontab": "",
        "once": false,
        "onceDelay": 0.1,
        "topic": "",
        "payload": "Temperature = 40 degrees",
        "payloadType": "str",
        "x": 150,
        "y": 80,
        "wires": [
            [
                "88cddb7dbc6ee18e",
                "f3d349e1721dfc3b"
            ]
        ]
    },
    {
        "id": "3a978c6b7c132711",
        "type": "ui-gauge",
        "z": "360a4bd354df2bb3",
        "name": "Temperature",
        "group": "634a684cc290ade6",
        "order": 1,
        "value": "payload",
        "valueType": "msg",
        "width": "0",
        "height": "0",
        "gtype": "gauge-half",
        "gstyle": "needle",
        "title": "Temperatura I",
        "alwaysShowTitle": false,
        "floatingTitlePosition": "top-left",
        "units": "graus",
        "icon": "",
        "prefix": "",
        "suffix": "",
        "segments": [
            {
                "from": "0",
                "color": "#5cd65c",
                "text": "",
                "textType": "label"
            },
            {
                "from": "4",
                "color": "#ffc800",
                "text": "",
                "textType": "label"
            },
            {
                "from": "7",
                "color": "#ea5353",
                "text": "",
                "textType": "label"
            }
        ],
        "min": 0,
        "max": 10,
        "sizeThickness": 16,
        "sizeGap": 4,
        "sizeKeyThickness": 8,
        "styleRounded": true,
        "styleGlow": false,
        "className": "",
        "x": 670,
        "y": 20,
        "wires": [
            []
        ]
    },
    {
        "id": "88cddb7dbc6ee18e",
        "type": "function",
        "z": "360a4bd354df2bb3",
        "name": "Get Temperatura de string",
        "func": "var parts = msg.payload.split(\" \");\nmsg.payload = parseFloat(parts[2]);\n//entre +20 e 45+ graus\nvar t = parseFloat(parts[2]) - Math.random() * (45 - 20) + 20;\nmsg.payload = t.toFixed(2)  //duas casas decimais\nreturn msg;\n",
        "outputs": 1,
        "timeout": 0,
        "noerr": 0,
        "initialize": "",
        "finalize": "",
        "libs": [],
        "x": 430,
        "y": 40,
        "wires": [
            [
                "3a978c6b7c132711",
                "7aa293bdfaf42c9a"
            ]
        ]
    },
    {
        "id": "bbb5ba3bf92d8f3c",
        "type": "ui-gauge",
        "z": "360a4bd354df2bb3",
        "name": "Temperatura Random",
        "group": "634a684cc290ade6",
        "order": 0,
        "value": "payload",
        "valueType": "msg",
        "width": "0",
        "height": "0",
        "gtype": "gauge-half",
        "gstyle": "needle",
        "title": "Temperatura II",
        "alwaysShowTitle": false,
        "floatingTitlePosition": "top-left",
        "units": "graus",
        "icon": "",
        "prefix": "",
        "suffix": "",
        "segments": [
            {
                "from": "0",
                "color": "#5cd65c",
                "text": "",
                "textType": "label"
            },
            {
                "from": "4",
                "color": "#ffc800",
                "text": "",
                "textType": "label"
            },
            {
                "from": "7",
                "color": "#ea5353",
                "text": "",
                "textType": "label"
            }
        ],
        "min": 0,
        "max": 10,
        "sizeThickness": 16,
        "sizeGap": 4,
        "sizeKeyThickness": 8,
        "styleRounded": true,
        "styleGlow": false,
        "className": "",
        "x": 620,
        "y": 340,
        "wires": [
            []
        ]
    },
    {
        "id": "f3d349e1721dfc3b",
        "type": "function",
        "z": "360a4bd354df2bb3",
        "name": "Gera Temperatura aleatória",
        "func": "    // Generate a random number between 0 and 1\n    var randomFraction = Math.random();\n    // Scale it to your desired range (e.g., 15 to 30)\n    var temperature = 15 + Math.random() * (30 - 15);\n    // Round to a desired number of decimal places (optional)\n    msg.payload = Math.round(temperature * 10) / 10; // Rounds to 1 decimal place\n    return msg;",
        "outputs": 1,
        "timeout": 0,
        "noerr": 0,
        "initialize": "",
        "finalize": "",
        "libs": [],
        "x": 440,
        "y": 220,
        "wires": [
            [
                "bbb5ba3bf92d8f3c"
            ]
        ]
    },
    {
        "id": "5f49c8a08d1a983f",
        "type": "mqtt in",
        "z": "360a4bd354df2bb3",
        "name": "Get from MQTT",
        "topic": "test",
        "qos": "0",
        "datatype": "auto-detect",
        "broker": "4f76b0fbe1087bfd",
        "nl": false,
        "rap": true,
        "rh": 0,
        "inputs": 0,
        "x": 120,
        "y": 400,
        "wires": [
            [
                "d9e458140f75de4a",
                "2e637aced27ebb6b"
            ]
        ]
    },
    {
        "id": "d9e458140f75de4a",
        "type": "change",
        "z": "360a4bd354df2bb3",
        "name": "Prepara Data do Chart",
        "rules": [
            {
                "t": "set",
                "p": "payload",
                "pt": "msg",
                "to": "msg.payload.Data.Temperature",
                "tot": "jsonata"
            }
        ],
        "action": "",
        "property": "",
        "from": "",
        "to": "",
        "reg": false,
        "x": 380,
        "y": 500,
        "wires": [
            [
                "a6378543d96c83d5",
                "907c68366ba5d951"
            ]
        ]
    },
    {
        "id": "a6378543d96c83d5",
        "type": "debug",
        "z": "360a4bd354df2bb3",
        "name": "debug 2",
        "active": false,
        "tosidebar": true,
        "console": false,
        "tostatus": false,
        "complete": "false",
        "statusVal": "",
        "statusType": "auto",
        "x": 620,
        "y": 600,
        "wires": []
    },
    {
        "id": "907c68366ba5d951",
        "type": "ui-chart",
        "z": "360a4bd354df2bb3",
        "group": "634a684cc290ade6",
        "name": "Temperatura III",
        "label": "Temperatura III",
        "order": 9007199254740991,
        "chartType": "line",
        "category": "topic",
        "categoryType": "msg",
        "xAxisLabel": "",
        "xAxisProperty": "",
        "xAxisPropertyType": "timestamp",
        "xAxisType": "time",
        "xAxisFormat": "",
        "xAxisFormatType": "auto",
        "xmin": "",
        "xmax": "",
        "yAxisLabel": "",
        "yAxisProperty": "payload",
        "yAxisPropertyType": "msg",
        "ymin": "",
        "ymax": "",
        "bins": 10,
        "action": "append",
        "stackSeries": false,
        "pointShape": "circle",
        "pointRadius": 4,
        "showLegend": true,
        "removeOlder": 1,
        "removeOlderUnit": "3600",
        "removeOlderPoints": "",
        "colors": [
            "#0095ff",
            "#ff0000",
            "#ff7f0e",
            "#2ca02c",
            "#a347e1",
            "#d62728",
            "#ff9896",
            "#9467bd",
            "#c5b0d5"
        ],
        "textColor": [
            "#666666"
        ],
        "textColorDefault": true,
        "gridColor": [
            "#e5e5e5"
        ],
        "gridColorDefault": true,
        "width": "6",
        "height": "6",
        "className": "",
        "interpolation": "linear",
        "x": 660,
        "y": 440,
        "wires": [
            []
        ]
    },
    {
        "id": "2e637aced27ebb6b",
        "type": "debug",
        "z": "360a4bd354df2bb3",
        "name": "debug 3",
        "active": false,
        "tosidebar": true,
        "console": false,
        "tostatus": false,
        "complete": "payload",
        "targetType": "msg",
        "statusVal": "",
        "statusType": "auto",
        "x": 340,
        "y": 600,
        "wires": []
    },
    {
        "id": "634a684cc290ade6",
        "type": "ui-group",
        "name": "Charts",
        "page": "1bc755e59db0d947",
        "width": "6",
        "height": "1",
        "order": -1,
        "showTitle": true,
        "className": "",
        "visible": "true",
        "disabled": "false",
        "groupType": "default"
    },
    {
        "id": "4f76b0fbe1087bfd",
        "type": "mqtt-broker",
        "name": "",
        "broker": "localhost",
        "port": "1883",
        "clientid": "",
        "autoConnect": true,
        "usetls": false,
        "protocolVersion": "4",
        "keepalive": "60",
        "cleansession": true,
        "autoUnsubscribe": true,
        "birthTopic": "",
        "birthQos": "0",
        "birthRetain": "false",
        "birthPayload": "",
        "birthMsg": {},
        "closeTopic": "",
        "closeQos": "0",
        "closeRetain": "false",
        "closePayload": "",
        "closeMsg": {},
        "willTopic": "",
        "willQos": "0",
        "willRetain": "false",
        "willPayload": "",
        "willMsg": {},
        "userProps": "",
        "sessionExpiry": ""
    },
    {
        "id": "1bc755e59db0d947",
        "type": "ui-page",
        "name": "Outputs",
        "ui": "6b6a0b55f06a83d2",
        "path": "/page1",
        "icon": "home",
        "layout": "grid",
        "theme": "341e6bc5ceac19f6",
        "breakpoints": [
            {
                "name": "Default",
                "px": "0",
                "cols": "3"
            },
            {
                "name": "Tablet",
                "px": "576",
                "cols": "6"
            },
            {
                "name": "Small Desktop",
                "px": "768",
                "cols": "9"
            },
            {
                "name": "Desktop",
                "px": "1024",
                "cols": "12"
            }
        ],
        "order": -1,
        "className": "",
        "visible": "true",
        "disabled": "false"
    },
    {
        "id": "6b6a0b55f06a83d2",
        "type": "ui-base",
        "name": "Charts",
        "path": "/dashboard",
        "appIcon": "",
        "includeClientData": true,
        "acceptsClientConfig": [
            "ui-notification",
            "ui-control"
        ],
        "showPathInSidebar": false,
        "headerContent": "page",
        "navigationStyle": "default",
        "titleBarStyle": "default",
        "showReconnectNotification": true,
        "notificationDisplayTime": "1",
        "showDisconnectNotification": true,
        "allowInstall": true
    },
    {
        "id": "341e6bc5ceac19f6",
        "type": "ui-theme",
        "name": "Theme1",
        "colors": {
            "surface": "#ffffff",
            "primary": "#0094ce",
            "bgPage": "#eeeeee",
            "groupBg": "#ffffff",
            "groupOutline": "#cccccc"
        },
        "sizes": {
            "density": "default",
            "pagePadding": "12px",
            "groupGap": "12px",
            "groupBorderRadius": "4px",
            "widgetGap": "12px"
        }
    }
]