<?xml version="1.0" encoding="utf-8"?>
<?xml-stylesheet type="text/xsl" href="ListaPagamentos.xsl"?>
<Payments><ID_Instituicao_Destino>90076749</ID_Instituicao_Destino><Data_Processamento>2008/10/07</Data_Processamento><Codigo_Moeda>978</Codigo_Moeda><Details><Detail><Data_Transaccao>2008/10/08 17:53:00</Data_Transaccao><Localidade_Terminal>LISBOA - SIBS  </Localidade_Terminal><Referencia_Pagamento>000801919</Referencia_Pagamento><Montante_Pago>27.580,00</Montante_Pago></Detail><Detail><Data_Transaccao>2008/10/08 17:53:00</Data_Transaccao><Localidade_Terminal>LISBOA - SIBS  </Localidade_Terminal><Referencia_Pagamento>003500317</Referencia_Pagamento><Montante_Pago>24.700,00</Montante_Pago></Detail><Detail><Data_Transaccao>2008/10/08 17:53:00</Data_Transaccao><Localidade_Terminal>LISBOA - SIBS  </Localidade_Terminal><Referencia_Pagamento>003500829</Referencia_Pagamento><Montante_Pago>9.450,00</Montante_Pago></Detail></Details><Trailer><Numero_Registos>3</Numero_Registos><Total_Transaccoes>61.730,00</Total_Transaccoes><Total_Tarifa>0,00</Total_Tarifa><IVA>0,00</IVA></Trailer></Payments>
