[
    {
        "id": "2561e1a951ee7776",
        "type": "tab",
        "label": "Node-Red with MQTT",
        "disabled": false,
        "info": "",
        "env": []
    },
    {
        "id": "d0e8fa18eb4896de",
        "type": "mqtt in",
        "z": "2561e1a951ee7776",
        "name": "IN-MQTT (nodered/msg)",
        "topic": "nodered/msg",
        "qos": "0",
        "datatype": "auto-detect",
        "broker": "5e53e761.1d6088",
        "nl": false,
        "rap": true,
        "rh": 0,
        "inputs": 0,
        "x": 210,
        "y": 120,
        "wires": [
            [
                "bec07520387f3982"
            ]
        ]
    },
    {
        "id": "bec07520387f3982",
        "type": "debug",
        "z": "2561e1a951ee7776",
        "name": "debug 1",
        "active": true,
        "tosidebar": true,
        "console": false,
        "tostatus": false,
        "complete": "false",
        "statusVal": "",
        "statusType": "auto",
        "x": 520,
        "y": 120,
        "wires": []
    },
    {
        "id": "83c6c890866285aa",
        "type": "comment",
        "z": "2561e1a951ee7776",
        "name": "Veja como testar:",
        "info": "Executar o comando\nmosquitto_pub -t nodered/msg -h localhost -m \"Temperatura: 16\"",
        "x": 180,
        "y": 80,
        "wires": []
    },
    {
        "id": "a75aa860fcb292a6",
        "type": "mqtt out",
        "z": "2561e1a951ee7776",
        "name": "Out:MQTT (nodered/msg)",
        "topic": "nodered/msg",
        "qos": "0",
        "retain": "true",
        "respTopic": "",
        "contentType": "",
        "userProps": "",
        "correl": "",
        "expiry": "",
        "broker": "5e53e761.1d6088",
        "x": 590,
        "y": 320,
        "wires": []
    },
    {
        "id": "62de99c8e64faa03",
        "type": "inject",
        "z": "2561e1a951ee7776",
        "name": "",
        "props": [
            {
                "p": "payload"
            }
        ],
        "repeat": "3",
        "crontab": "",
        "once": false,
        "onceDelay": 0.1,
        "topic": "",
        "payload": "iso",
        "payloadType": "date",
        "x": 170,
        "y": 320,
        "wires": [
            [
                "a75aa860fcb292a6"
            ]
        ]
    },
    {
        "id": "0235de1565d5bd35",
        "type": "comment",
        "z": "2561e1a951ee7776",
        "name": "Veja como testar:",
        "info": "Colocar o server à escuta do tópico\n\nmosquitto_sub -t nodered/msg -h localhost",
        "x": 180,
        "y": 260,
        "wires": []
    },
    {
        "id": "5e53e761.1d6088",
        "type": "mqtt-broker",
        "name": "localhost:1883",
        "broker": "localhost",
        "port": "1883",
        "clientid": "",
        "autoConnect": true,
        "usetls": false,
        "compatmode": false,
        "protocolVersion": "4",
        "keepalive": "60",
        "cleansession": true,
        "autoUnsubscribe": true,
        "birthTopic": "",
        "birthQos": "0",
        "birthPayload": "",
        "birthMsg": {},
        "closeTopic": "",
        "closeQos": "0",
        "closePayload": "",
        "closeMsg": {},
        "willTopic": "",
        "willQos": "0",
        "willPayload": "",
        "willMsg": {},
        "userProps": "",
        "sessionExpiry": ""
    }
]