[
    {
        "id": "c53fbbbffe45154e",
        "type": "tab",
        "label": "Essential",
        "disabled": false,
        "info": "",
        "env": []
    },
    {
        "id": "917a87445e833dc1",
        "type": "inject",
        "z": "c53fbbbffe45154e",
        "name": "",
        "props": [
            {
                "p": "payload"
            },
            {
                "p": "topic",
                "vt": "str"
            }
        ],
        "repeat": "",
        "crontab": "",
        "once": false,
        "onceDelay": 0.1,
        "topic": "",
        "payload": "",
        "payloadType": "date",
        "x": 120,
        "y": 100,
        "wires": [
            [
                "3ea7eff3406dd700"
            ]
        ]
    },
    {
        "id": "3217629b94d2f677",
        "type": "debug",
        "z": "c53fbbbffe45154e",
        "name": "debug 1",
        "active": true,
        "tosidebar": true,
        "console": false,
        "tostatus": false,
        "complete": "payload",
        "targetType": "msg",
        "statusVal": "",
        "statusType": "auto",
        "x": 520,
        "y": 240,
        "wires": []
    },
    {
        "id": "3ea7eff3406dd700",
        "type": "function",
        "z": "c53fbbbffe45154e",
        "name": "function 1",
        "func": "msg.payload = new Date(msg.payload).toISOString();\nreturn msg;",
        "outputs": 1,
        "timeout": 0,
        "noerr": 0,
        "initialize": "",
        "finalize": "",
        "libs": [],
        "x": 300,
        "y": 160,
        "wires": [
            [
                "3217629b94d2f677"
            ]
        ]
    }
]